{
    "binary_crossentropy": 0.6951243281364441,
    "accuracy": 0.42500001192092896
}